StrikerName,BatRuns,WagonWheel
Martin Guptill,0,Third Man
Martin Guptill,4,Point
Martin Guptill,1,Point
Daryl Joseph Mitchell,0,Long On
Daryl Joseph Mitchell,3,Square Leg
Martin Guptill,1,Third Man
Martin Guptill,0,Long On
Martin Guptill,0,Covers
Martin Guptill,0,Mid Wicket
Martin Guptill,0,Long Off
Martin Guptill,4,Fine Leg
Martin Guptill,0,Long Off
Daryl Joseph Mitchell,6,Long On
Daryl Joseph Mitchell,1,Square Leg
Martin Guptill,0,Fine Leg
Martin Guptill,1,Long On
Daryl Joseph Mitchell,1,Square Leg
Martin Guptill,1,Square Leg
Martin Guptill,4,Point
Martin Guptill,1,Square Leg
Daryl Joseph Mitchell,0,Long Off
Daryl Joseph Mitchell,0,Long Off
Daryl Joseph Mitchell,0,Third Man
Kane Williamson,0,Point
Martin Guptill,0,Point
Martin Guptill,0,Covers
Martin Guptill,0,Long On
Martin Guptill,1,Square Leg
Kane Williamson,1,Mid Wicket
Martin Guptill,0,Point
Kane Williamson,0,Point
Kane Williamson,0,Long On
Kane Williamson,0,Covers
Kane Williamson,0,Point
Kane Williamson,0,Long Off
Kane Williamson,2,Mid Wicket
Martin Guptill,1,Long On
Kane Williamson,1,Long On
Martin Guptill,0,Long Off
Martin Guptill,1,Point
Kane Williamson,1,Long On
Martin Guptill,1,Long On
Martin Guptill,1,Long Off
Kane Williamson,1,Covers
Martin Guptill,0,Point
Martin Guptill,0,Long Off
Martin Guptill,1,Covers
Kane Williamson,0,Long Off
Martin Guptill,1,Long Off
Kane Williamson,1,Long Off
Martin Guptill,1,Mid Wicket
Kane Williamson,4,Covers
Kane Williamson,4,Mid Wicket
Kane Williamson,0,Point
Martin Guptill,1,Mid Wicket
Kane Williamson,1,Mid Wicket
Martin Guptill,1,Long Off
Kane Williamson,1,Long Off
Martin Guptill,1,Covers
Kane Williamson,1,Long Off
Kane Williamson,1,Long On
Martin Guptill,1,Long Off
Kane Williamson,2,Covers
Kane Williamson,4,Square Leg
Kane Williamson,4,Long Off
Kane Williamson,5,Mid Wicket
Kane Williamson,2,Point
Martin Guptill,0,Mid Wicket
Kane Williamson,0,Point
Kane Williamson,1,Mid Wicket
Glenn Phillips,1,Square Leg
Kane Williamson,2,Mid Wicket
Kane Williamson,1,Point
Kane Williamson,1,Third Man
Glenn Phillips,1,Mid Wicket
Kane Williamson,6,Mid Wicket
Kane Williamson,6,Mid Wicket
Kane Williamson,1,Third Man
Glenn Phillips,1,Point
Glenn Phillips,0,Covers
Glenn Phillips,0,Point
Glenn Phillips,1,Point
Kane Williamson,1,Point
Glenn Phillips,1,Point
Kane Williamson,2,Covers
Glenn Phillips,6,Long On
Glenn Phillips,0,Third Man
Glenn Phillips,1,Mid Wicket
Kane Williamson,1,Mid Wicket
Glenn Phillips,4,Covers
Glenn Phillips,0,Square Leg
Kane Williamson,4,Third Man
Kane Williamson,4,Third Man
Kane Williamson,6,Square Leg
Kane Williamson,0,Third Man
Kane Williamson,4,Point
Kane Williamson,4,Third Man
Glenn Phillips,1,Third Man
Glenn Phillips,1,Mid Wicket
Kane Williamson,1,Long On
Glenn Phillips,1,Square Leg
Kane Williamson,1,Fine Leg
Glenn Phillips,1,Square Leg
Kane Williamson,2,Square Leg
Glenn Phillips,0,Third Man
Glenn Phillips,0,Mid Wicket
Kane Williamson,4,Fine Leg
Kane Williamson,0,Third Man
Kane Williamson,0,Long Off
James Neesham,1,Fine Leg
James Neesham,1,Point
Tim Seifert,1,Point
James Neesham,6,Long Off
James Neesham,1,Long On
Tim Seifert,1,Long Off
James Neesham,1,Fine Leg
James Neesham,2,Mid Wicket
Tim Seifert,4,Square Leg
Tim Seifert,0,Third Man
Tim Seifert,1,Third Man
James Neesham,0,Fine Leg
James Neesham,2,Third Man
Tim Seifert,1,Mid Wicket
James Neesham,2,Long Off
David Warner,0,Point
David Warner,0,Mid Wicket
David Warner,1,Third Man
Aaron Finch,0,Covers
Aaron Finch,0,Third Man
Aaron Finch,0,Point
David Warner,0,Mid Wicket
David Warner,4,Covers
David Warner,4,Point
David Warner,0,Long On
David Warner,1,Mid Wicket
Aaron Finch,1,Fine Leg
Aaron Finch,0,Long Off
Aaron Finch,4,Long Off
Aaron Finch,0,Mid Wicket
David Warner,0,Square Leg
David Warner,0,Mid Wicket
David Warner,0,Point
Mitchell Marsh,6,Square Leg
Mitchell Marsh,4,Third Man
Mitchell Marsh,4,Mid Wicket
Mitchell Marsh,1,Long Off
David Warner,0,Covers
David Warner,0,Point
Mitchell Marsh,1,Square Leg
David Warner,1,Square Leg
Mitchell Marsh,0,Long Off
Mitchell Marsh,1,Mid Wicket
David Warner,6,Mid Wicket
David Warner,1,Point
David Warner,1,Square Leg
Mitchell Marsh,1,Square Leg
David Warner,0,Point
David Warner,0,Third Man
David Warner,1,Point
Mitchell Marsh,0,Point
David Warner,1,Long On
Mitchell Marsh,1,Long On
David Warner,2,Mid Wicket
David Warner,1,Long On
Mitchell Marsh,1,Covers
David Warner,1,Mid Wicket
David Warner,1,Covers
Mitchell Marsh,6,Square Leg
Mitchell Marsh,1,Square Leg
David Warner,1,Mid Wicket
Mitchell Marsh,0,Third Man
Mitchell Marsh,1,Long On
Mitchell Marsh,1,Covers
David Warner,4,Long On
David Warner,2,Covers
David Warner,0,Square Leg
David Warner,4,Mid Wicket
David Warner,6,Long On
Mitchell Marsh,1,Point
David Warner,2,Mid Wicket
David Warner,1,Long On
Mitchell Marsh,0,Fine Leg
Mitchell Marsh,0,Covers
Mitchell Marsh,1,Covers
Mitchell Marsh,6,Square Leg
Mitchell Marsh,0,Long Off
Mitchell Marsh,1,Mid Wicket
David Warner,6,Mid Wicket
David Warner,1,Mid Wicket
Mitchell Marsh,1,Covers
Mitchell Marsh,1,Covers
David Warner,1,Square Leg
Mitchell Marsh,1,Mid Wicket
David Warner,1,Fine Leg
Mitchell Marsh,4,Mid Wicket
Mitchell Marsh,1,Long On
Mitchell Marsh,1,Long Off
David Warner,0,NULL
Glenn Maxwell,0,Third Man
Glenn Maxwell,0,Mid Wicket
Glenn Maxwell,1,Covers
Mitchell Marsh,1,Long On
Mitchell Marsh,1,Third Man
Mitchell Marsh,6,Long On
Mitchell Marsh,2,Mid Wicket
Mitchell Marsh,4,Long On
Mitchell Marsh,1,Third Man
Mitchell Marsh,0,Third Man
Mitchell Marsh,1,Third Man
Mitchell Marsh,0,Covers
Mitchell Marsh,1,Covers
Mitchell Marsh,0,Long Off
Mitchell Marsh,1,Square Leg
Glenn Maxwell,4,Square Leg
Glenn Maxwell,4,Third Man
Glenn Maxwell,0,Fine Leg
Glenn Maxwell,1,Third Man
Glenn Maxwell,1,Covers
Glenn Maxwell,4,Fine Leg
Glenn Maxwell,1,Fine Leg
Glenn Maxwell,6,Square Leg
Glenn Maxwell,1,Square Leg
Mitchell Marsh,0,Third Man
Mitchell Marsh,1,Square Leg
Glenn Maxwell,0,Point
Mitchell Marsh,2,Long On
Mitchell Marsh,4,Long On
Mitchell Marsh,1,Long Off
Glenn Maxwell,0,Fine Leg
Glenn Maxwell,1,Fine Leg
Glenn Maxwell,1,Third Man
Mitchell Marsh,1,Long On
Mitchell Marsh,0,Third Man
Mitchell Marsh,1,Long Off
Glenn Maxwell,0,Third Man
Glenn Maxwell,0,Covers
Glenn Maxwell,1,Square Leg
Mitchell Marsh,1,Long Off
Mitchell Marsh,4,Long Off
Mitchell Marsh,1,Mid Wicket
Glenn Maxwell,1,Mid Wicket
Mitchell Marsh,1,Long Off
Glenn Maxwell,4,Third Man
Mohammad Rizwan,1,Fine Leg
Babar Azam,0,Square Leg
Babar Azam,0,Long Off
Babar Azam,4,Fine Leg
Babar Azam,1,Square Leg
Mohammad Rizwan,0,Third Man
Babar Azam,0,Long On
Babar Azam,4,Covers
Babar Azam,1,Long On
Mohammad Rizwan,0,Third Man
Mohammad Rizwan,0,Long Off
Mohammad Rizwan,0,Covers
Babar Azam,0,Long Off
Babar Azam,1,Mid Wicket
Mohammad Rizwan,4,Long Off
Mohammad Rizwan,1,Covers
Babar Azam,0,Square Leg
Babar Azam,4,Square Leg
Mohammad Rizwan,1,Fine Leg
Mohammad Rizwan,1,Point
Babar Azam,4,Square Leg
Babar Azam,1,Square Leg
Mohammad Rizwan,1,Fine Leg
Babar Azam,0,Mid Wicket
Babar Azam,0,Point
Mohammad Rizwan,6,Square Leg
Mohammad Rizwan,1,Third Man
Babar Azam,1,Covers
Mohammad Rizwan,0,Third Man
Mohammad Rizwan,1,Covers
Babar Azam,0,Third Man
Mohammad Rizwan,1,Fine Leg
Babar Azam,3,Covers
Mohammad Rizwan,4,Square Leg
Mohammad Rizwan,0,Long On
Mohammad Rizwan,0,Long On
Mohammad Rizwan,1,Fine Leg
Mohammad Rizwan,1,Third Man
Babar Azam,1,Long On
Mohammad Rizwan,0,Long On
Mohammad Rizwan,1,Long On
Babar Azam,0,Long On
Babar Azam,1,Covers
Babar Azam,2,Point
Babar Azam,4,Mid Wicket
Babar Azam,0,Point
Babar Azam,2,Covers
Babar Azam,1,Fine Leg
Babar Azam,1,Mid Wicket
Mohammad Rizwan,1,Mid Wicket
Mohammad Rizwan,1,Mid Wicket
Babar Azam,1,Mid Wicket
Mohammad Rizwan,1,Covers
Babar Azam,1,Mid Wicket
Mohammad Rizwan,1,Mid Wicket
Babar Azam,1,Long On
Babar Azam,0,Point
Babar Azam,1,Third Man
Babar Azam,0,Covers
Babar Azam,1,Long On
Mohammad Rizwan,1,Long On
Babar Azam,0,Point
Babar Azam,0,Long On
Mohammad Rizwan,0,Fine Leg
Mohammad Rizwan,1,Square Leg
Fakhar Zaman,0,Fine Leg
Fakhar Zaman,1,Long On
Mohammad Rizwan,0,Long On
Mohammad Rizwan,2,Mid Wicket
Fakhar Zaman,1,Mid Wicket
Mohammad Rizwan,2,Mid Wicket
Mohammad Rizwan,6,Mid Wicket
Mohammad Rizwan,4,Third Man
Mohammad Rizwan,0,Square Leg
Mohammad Rizwan,1,Long Off
Mohammad Rizwan,1,Square Leg
Fakhar Zaman,0,Long Off
Fakhar Zaman,1,Point
Mohammad Rizwan,0,Mid Wicket
Mohammad Rizwan,1,Covers
Fakhar Zaman,0,Mid Wicket
Mohammad Rizwan,1,Square Leg
Fakhar Zaman,1,Third Man
Fakhar Zaman,4,Mid Wicket
Fakhar Zaman,0,Long On
Fakhar Zaman,1,Mid Wicket
Mohammad Rizwan,6,Mid Wicket
Mohammad Rizwan,1,Point
Mohammad Rizwan,1,Point
Fakhar Zaman,5,Third Man
Fakhar Zaman,1,Mid Wicket
Mohammad Rizwan,1,Long Off
Fakhar Zaman,1,Square Leg
Mohammad Rizwan,0,Fine Leg
Mohammad Rizwan,2,Mid Wicket
Fakhar Zaman,1,Covers
Mohammad Rizwan,1,Long Off
Fakhar Zaman,1,Mid Wicket
Mohammad Rizwan,1,Square Leg
Fakhar Zaman,0,Third Man
Fakhar Zaman,1,Mid Wicket
Fakhar Zaman,0,Third Man
Fakhar Zaman,6,Long Off
Fakhar Zaman,2,Mid Wicket
Fakhar Zaman,1,Long Off
Mohammad Rizwan,5,Mid Wicket
Mohammad Rizwan,6,Mid Wicket
Mohammad Rizwan,1,Long Off
Mohammad Rizwan,0,Fine Leg
Mohammad Rizwan,0,Covers
Fakhar Zaman,6,Long On
Fakhar Zaman,2,Square Leg
Fakhar Zaman,4,Long Off
Fakhar Zaman,1,Third Man
Fakhar Zaman,2,Mid Wicket
Asif Ali,0,Long On
Fakhar Zaman,1,Long Off
Shoaib Malik,1,Point
Fakhar Zaman,0,Third Man
Fakhar Zaman,0,Third Man
Fakhar Zaman,1,Point
Fakhar Zaman,1,Long On
Shoaib Malik,0,NULL
Mohammad Hafeez,1,Fine Leg
Fakhar Zaman,6,Long On
Fakhar Zaman,6,Mid Wicket
Fakhar Zaman,1,Mid Wicket
David Warner,0,Third Man
David Warner,1,Long On
Aaron Finch,0,NULL
Mitchell Marsh,0,Third Man
Mitchell Marsh,0,Fine Leg
Mitchell Marsh,0,Long On
David Warner,0,Point
David Warner,1,Square Leg
Mitchell Marsh,0,Long On
Mitchell Marsh,1,Covers
David Warner,1,Third Man
Mitchell Marsh,2,Square Leg
David Warner,0,Covers
David Warner,2,Mid Wicket
Mitchell Marsh,0,Third Man
Mitchell Marsh,4,Covers
Mitchell Marsh,0,Fine Leg
Mitchell Marsh,1,Point
David Warner,0,Long Off
Mitchell Marsh,1,Covers
David Warner,6,Mid Wicket
David Warner,4,Covers
David Warner,4,Fine Leg
David Warner,1,Long On
Mitchell Marsh,1,Mid Wicket
Mitchell Marsh,6,Square Leg
Mitchell Marsh,4,Third Man
Mitchell Marsh,1,Long Off
David Warner,1,Long On
Mitchell Marsh,1,Long On
David Warner,1,Long On
David Warner,1,Fine Leg
Mitchell Marsh,4,Square Leg
Mitchell Marsh,1,Third Man
David Warner,1,Third Man
Mitchell Marsh,0,Point
Mitchell Marsh,1,Long On
Mitchell Marsh,0,Point
Mitchell Marsh,0,Square Leg
David Warner,1,Mid Wicket
Steven Smith,0,Long On
Steven Smith,4,Third Man
Steven Smith,0,Point
David Warner,7,Mid Wicket
David Warner,2,Long Off
David Warner,1,Long On
Steven Smith,1,Third Man
Steven Smith,1,Long Off
David Warner,0,Covers
David Warner,1,Point
Steven Smith,0,Long Off
David Warner,6,Long On
David Warner,1,Long On
Steven Smith,0,Mid Wicket
David Warner,1,Point
Glenn Maxwell,1,Mid Wicket
David Warner,1,Square Leg
David Warner,4,Fine Leg
David Warner,1,Point
Glenn Maxwell,0,Covers
Glenn Maxwell,2,Square Leg
Glenn Maxwell,1,Covers
David Warner,1,Mid Wicket
David Warner,0,Fine Leg
Marcus Stoinis,1,Fine Leg
Glenn Maxwell,0,Third Man
Glenn Maxwell,0,Covers
Glenn Maxwell,1,Point
Marcus Stoinis,1,Mid Wicket
Marcus Stoinis,0,Fine Leg
Marcus Stoinis,0,Covers
Marcus Stoinis,0,Covers
Marcus Stoinis,1,Point
Glenn Maxwell,0,Long Off
Glenn Maxwell,2,Third Man
Marcus Stoinis,1,Long Off
Glenn Maxwell,0,Point
Marcus Stoinis,6,Mid Wicket
Marcus Stoinis,0,Covers
Marcus Stoinis,1,Covers
Matthew Wade,0,Covers
Marcus Stoinis,0,Point
Marcus Stoinis,1,Square Leg
Matthew Wade,0,Third Man
Matthew Wade,4,Long On
Matthew Wade,1,Long On
Marcus Stoinis,0,Fine Leg
Matthew Wade,1,Square Leg
Marcus Stoinis,1,Square Leg
Matthew Wade,0,Third Man
Matthew Wade,1,Square Leg
Marcus Stoinis,2,Point
Marcus Stoinis,1,Point
Marcus Stoinis,4,Covers
Marcus Stoinis,3,Mid Wicket
Marcus Stoinis,2,Mid Wicket
Marcus Stoinis,1,Mid Wicket
Matthew Wade,1,Mid Wicket
Marcus Stoinis,1,Mid Wicket
Matthew Wade,0,Third Man
Marcus Stoinis,0,Long Off
Marcus Stoinis,2,Mid Wicket
Marcus Stoinis,6,Mid Wicket
Marcus Stoinis,4,Long Off
Marcus Stoinis,0,Long Off
Marcus Stoinis,1,Square Leg
Marcus Stoinis,1,Mid Wicket
Matthew Wade,2,Mid Wicket
Matthew Wade,6,Long On
Matthew Wade,1,Mid Wicket
Marcus Stoinis,1,Mid Wicket
Matthew Wade,4,Square Leg
Marcus Stoinis,0,Fine Leg
Marcus Stoinis,1,Point
Matthew Wade,1,Fine Leg
Matthew Wade,2,Mid Wicket
Matthew Wade,6,Fine Leg
Matthew Wade,6,Square Leg
Matthew Wade,6,Fine Leg
Jos Buttler,1,Square Leg
Jonny Bairstow,0,Covers
Jonny Bairstow,1,Long On
Jos Buttler,0,Fine Leg
Jos Buttler,0,Mid Wicket
Jos Buttler,4,Mid Wicket
Jonny Bairstow,0,Long On
Jonny Bairstow,0,Point
Jonny Bairstow,0,Third Man
Jonny Bairstow,2,Covers
Jonny Bairstow,0,Third Man
Jonny Bairstow,4,Fine Leg
Jos Buttler,0,Covers
Jos Buttler,1,Point
Jonny Bairstow,0,Point
Jonny Bairstow,0,Long On
Jonny Bairstow,0,Point
Jonny Bairstow,0,Long On
Jos Buttler,4,Long Off
Jos Buttler,4,Covers
Jos Buttler,0,Point
Jos Buttler,5,Fine Leg
Jos Buttler,2,Covers
Jos Buttler,0,Third Man
Jos Buttler,1,Fine Leg
Jos Buttler,1,Fine Leg
Jonny Bairstow,4,Long Off
Jonny Bairstow,0,Point
Jonny Bairstow,1,Long On
Jos Buttler,1,Square Leg
Jonny Bairstow,1,Long Off
Jonny Bairstow,0,Long Off
Dawid Malan,1,Square Leg
Jos Buttler,0,Covers
Jos Buttler,1,Mid Wicket
Dawid Malan,0,Third Man
Dawid Malan,1,Square Leg
Dawid Malan,1,Square Leg
Jos Buttler,1,Square Leg
Dawid Malan,0,Fine Leg
Dawid Malan,1,Point
Jos Buttler,1,Long Off
Dawid Malan,1,Covers
Dawid Malan,1,Mid Wicket
Jos Buttler,0,Covers
Jos Buttler,4,Point
Jos Buttler,2,Fine Leg
Jos Buttler,0,Third Man
Jos Buttler,1,Long On
Jos Buttler,0,NULL
Moeen Ali,1,Long Off
Dawid Malan,1,Long Off
Moeen Ali,0,Covers
Moeen Ali,1,Mid Wicket
Dawid Malan,4,Covers
Moeen Ali,1,Point
Dawid Malan,0,Fine Leg
Dawid Malan,1,Third Man
Moeen Ali,0,Mid Wicket
Moeen Ali,1,Square Leg
Dawid Malan,4,Covers
Moeen Ali,1,Long Off
Dawid Malan,4,Covers
Dawid Malan,0,Fine Leg
Dawid Malan,4,Covers
Dawid Malan,1,Long On
Moeen Ali,1,Mid Wicket
Moeen Ali,1,Mid Wicket
Dawid Malan,3,Covers
Moeen Ali,1,Covers
Dawid Malan,1,Mid Wicket
Moeen Ali,0,Third Man
Moeen Ali,1,Covers
Moeen Ali,1,Fine Leg
Moeen Ali,1,Mid Wicket
Dawid Malan,1,Point
Moeen Ali,1,Covers
Dawid Malan,0,Point
Dawid Malan,1,Square Leg
Moeen Ali,4,Point
Dawid Malan,1,Covers
Moeen Ali,1,Mid Wicket
Dawid Malan,0,Third Man
Dawid Malan,2,Long On
Dawid Malan,1,Covers
Moeen Ali,1,Long Off
Moeen Ali,2,Mid Wicket
Moeen Ali,1,Long Off
Dawid Malan,1,Point
Moeen Ali,4,Square Leg
Moeen Ali,1,Long Off
Dawid Malan,1,Fine Leg
Dawid Malan,6,Square Leg
Dawid Malan,0,Third Man
Liam Livingstone,1,Long On
Moeen Ali,0,Third Man
Moeen Ali,1,Long Off
Liam Livingstone,1,Square Leg
Liam Livingstone,1,Third Man
Liam Livingstone,1,Point
Moeen Ali,6,Mid Wicket
Moeen Ali,0,Mid Wicket
Moeen Ali,0,Third Man
Moeen Ali,2,Square Leg
Moeen Ali,1,Long Off
Moeen Ali,6,Square Leg
Moeen Ali,1,Long On
Liam Livingstone,1,Fine Leg
Moeen Ali,1,Long Off
Liam Livingstone,1,Third Man
Liam Livingstone,0,Fine Leg
Liam Livingstone,6,Long On
Moeen Ali,1,Mid Wicket
Liam Livingstone,2,Covers
Liam Livingstone,4,Covers
Liam Livingstone,1,Long Off
Moeen Ali,0,Fine Leg
Moeen Ali,1,Covers
Moeen Ali,1,Long Off
Liam Livingstone,0,Long Off
Moeen Ali,4,Covers
Moeen Ali,1,Square Leg
Eoin Morgan,1,Third Man
Eoin Morgan,2,Square Leg
Eoin Morgan,2,Covers
Martin Guptill,4,Covers
Martin Guptill,0,Third Man
Martin Guptill,0,Long On
Daryl Joseph Mitchell,1,Mid Wicket
Kane Williamson,0,Third Man
Kane Williamson,3,Mid Wicket
Kane Williamson,0,Long Off
Kane Williamson,0,Covers
Kane Williamson,0,Fine Leg
Kane Williamson,1,Mid Wicket
Daryl Joseph Mitchell,3,Mid Wicket
Kane Williamson,1,Mid Wicket
Kane Williamson,0,Fine Leg
Kane Williamson,0,Fine Leg
Kane Williamson,0,Covers
Kane Williamson,0,Fine Leg
Daryl Joseph Mitchell,0,Third Man
Daryl Joseph Mitchell,0,Covers
Devon Conway,0,Third Man
Devon Conway,0,Long Off
Devon Conway,0,Fine Leg
Devon Conway,1,Fine Leg
Devon Conway,0,Long On
Devon Conway,0,Mid Wicket
Devon Conway,4,Covers
Daryl Joseph Mitchell,2,Long Off
Daryl Joseph Mitchell,4,Fine Leg
Daryl Joseph Mitchell,1,Long On
Devon Conway,0,Fine Leg
Devon Conway,1,Long Off
Daryl Joseph Mitchell,0,Long On
Devon Conway,4,Point
Devon Conway,1,Long Off
Daryl Joseph Mitchell,0,Mid Wicket
Daryl Joseph Mitchell,1,Long On
Devon Conway,0,Fine Leg
Devon Conway,4,Covers
Daryl Joseph Mitchell,0,Point
Daryl Joseph Mitchell,0,Covers
Daryl Joseph Mitchell,2,Mid Wicket
Daryl Joseph Mitchell,1,Fine Leg
Devon Conway,1,Point
Daryl Joseph Mitchell,1,Long Off
Daryl Joseph Mitchell,0,Point
Daryl Joseph Mitchell,0,Fine Leg
Daryl Joseph Mitchell,1,Mid Wicket
Devon Conway,1,Long On
Daryl Joseph Mitchell,1,Mid Wicket
Devon Conway,1,Long On
Devon Conway,0,Third Man
Devon Conway,1,Fine Leg
Daryl Joseph Mitchell,0,Third Man
Daryl Joseph Mitchell,1,Covers
Devon Conway,1,Point
Daryl Joseph Mitchell,2,Long On
Devon Conway,0,Fine Leg
Devon Conway,1,Covers
Daryl Joseph Mitchell,1,Long On
Devon Conway,2,Covers
Devon Conway,4,Long Off
Devon Conway,0,Point
Daryl Joseph Mitchell,4,Long Off
Daryl Joseph Mitchell,1,Mid Wicket
Devon Conway,2,Square Leg
Daryl Joseph Mitchell,1,Third Man
Devon Conway,6,Point
Devon Conway,1,Covers
Daryl Joseph Mitchell,0,Third Man
Devon Conway,0,Fine Leg
Devon Conway,0,Third Man
Devon Conway,2,Long On
Devon Conway,0,Long On
Devon Conway,4,Covers
Devon Conway,1,Mid Wicket
Devon Conway,1,Point
Daryl Joseph Mitchell,1,Point
Devon Conway,2,Fine Leg
Devon Conway,1,Third Man
Daryl Joseph Mitchell,6,Long Off
Daryl Joseph Mitchell,1,Mid Wicket
Daryl Joseph Mitchell,1,Long On
Devon Conway,2,Long On
Devon Conway,0,Long Off
Devon Conway,0,NULL
Glenn Phillips,1,Third Man
Daryl Joseph Mitchell,1,Long Off
Daryl Joseph Mitchell,1,Covers
Glenn Phillips,1,Covers
Daryl Joseph Mitchell,2,Point
Daryl Joseph Mitchell,4,Fine Leg
Daryl Joseph Mitchell,1,Square Leg
Glenn Phillips,1,Mid Wicket
Glenn Phillips,0,Long Off
Daryl Joseph Mitchell,0,Third Man
Daryl Joseph Mitchell,0,Fine Leg
Daryl Joseph Mitchell,0,Third Man
Daryl Joseph Mitchell,1,Mid Wicket
James Neesham,1,Fine Leg
James Neesham,1,Mid Wicket
James Neesham,6,Square Leg
James Neesham,2,Fine Leg
James Neesham,1,Fine Leg
James Neesham,4,Long On
James Neesham,1,Fine Leg
James Neesham,6,Long On
James Neesham,2,Mid Wicket
James Neesham,1,Square Leg
James Neesham,0,Long Off
James Neesham,6,Mid Wicket
James Neesham,1,Covers
Daryl Joseph Mitchell,6,Long On
Daryl Joseph Mitchell,1,Long Off
James Neesham,0,Covers
Daryl Joseph Mitchell,2,Point
Daryl Joseph Mitchell,6,Point
Daryl Joseph Mitchell,6,Point
Daryl Joseph Mitchell,1,Point
Mitchell santner,1,Square Leg
Daryl Joseph Mitchell,4,Point
Stephan Baard,1,Third Man
Michael Lingen,1,Third Man
Michael Lingen,0,Long On
Michael Lingen,1,Third Man
Stephan Baard,0,Point
Stephan Baard,1,Square Leg
Michael Lingen,1,Point
Michael Lingen,1,Fine Leg
Stephan Baard,1,Third Man
Michael Lingen,4,Long Off
Michael Lingen,0,Point
Michael Lingen,0,Mid Wicket
Michael Lingen,4,Mid Wicket
Stephan Baard,1,Third Man
Stephan Baard,0,Covers
Stephan Baard,6,Long Off
Stephan Baard,2,Mid Wicket
Stephan Baard,1,Square Leg
Michael Lingen,0,Fine Leg
Michael Lingen,0,Third Man
Stephan Baard,1,Long On
Michael Lingen,0,Point
Michael Lingen,2,Long Off
Michael Lingen,1,Mid Wicket
Stephan Baard,0,Fine Leg
Stephan Baard,2,Mid Wicket
Michael Lingen,1,Long On
Stephan Baard,0,Fine Leg
Stephan Baard,1,Square Leg
Michael Lingen,0,Long Off
Craig Williams,0,Covers
Craig Williams,0,Long On
Stephan Baard,1,Long Off
Craig Williams,0,Long Off
Craig Williams,0,NULL
Gerhard Erasmus,0,Long Off
Gerhard Erasmus,0,Long Off
Gerhard Erasmus,0,Long Off
Stephan Baard,0,Third Man
Stephan Baard,0,Third Man
Stephan Baard,1,Mid Wicket
Gerhard Erasmus,0,Fine Leg
Gerhard Erasmus,0,Covers
Gerhard Erasmus,0,Long Off
Stephan Baard,0,Long Off
Stephan Baard,4,Square Leg
Stephan Baard,0,Long Off
Stephan Baard,0,NULL
Jan Nicol Loftie,1,Long Off
Gerhard Erasmus,2,Third Man
Jan Nicol Loftie,2,Square Leg
Jan Nicol Loftie,1,Point
Gerhard Erasmus,0,Covers
Gerhard Erasmus,1,Square Leg
Jan Nicol Loftie,1,Fine Leg
Gerhard Erasmus,0,Fine Leg
Jan Nicol Loftie,0,Third Man
David Wiese,2,Fine Leg
David Wiese,1,Point
Gerhard Erasmus,1,Point
David Wiese,0,Fine Leg
David Wiese,0,Long Off
Gerhard Erasmus,0,Covers
Gerhard Erasmus,1,Point
David Wiese,1,Covers
Gerhard Erasmus,4,Mid Wicket
Gerhard Erasmus,1,Third Man
David Wiese,4,Third Man
Gerhard Erasmus,1,Point
David Wiese,0,Long On
David Wiese,0,Point
David Wiese,2,Mid Wicket
David Wiese,1,Covers
Gerhard Erasmus,1,Square Leg
Gerhard Erasmus,0,Covers
Gerhard Erasmus,0,Covers
Gerhard Erasmus,5,Fine Leg
Gerhard Erasmus,0,Third Man
JJ Smit,1,Point
David Wiese,3,Fine Leg
JJ Smit,1,Covers
JJ Smit,0,Third Man
JJ Smit,1,Long Off
David Wiese,1,Covers
JJ Smit,1,Long Off
David Wiese,5,Point
David Wiese,1,Long On
JJ Smit,4,Third Man
David Wiese,1,Covers
JJ Smit,1,Mid Wicket
David Wiese,0,Covers
David Wiese,1,Covers
JJ Smit,0,Long On
JJ Smit,0,Covers
David Wiese,0,Mid Wicket
David Wiese,0,Covers
David Wiese,1,Covers
Zane Green,0,NULL
Jan Frylinck,1,Covers
David Wiese,0,Mid Wicket
Jan Frylinck,0,Third Man
Jan Frylinck,0,Long On
Jan Frylinck,2,Square Leg
Jan Frylinck,4,Fine Leg
Jan Frylinck,0,Third Man
Jan Frylinck,1,Covers
Jan Frylinck,1,Square Leg
David Wiese,1,Long On
Jan Frylinck,0,Third Man
Jan Frylinck,5,Point
David Wiese,3,Mid Wicket
Jan Frylinck,2,Point
David Wiese,1,Mid Wicket
Jan Frylinck,0,Third Man
Jan Frylinck,1,Fine Leg
Jan Frylinck,0,Long Off
Jan Frylinck,1,Mid Wicket
David Wiese,0,Long Off
Jan Frylinck,2,Mid Wicket
Ruben Trumpelmann,0,Point
Ruben Trumpelmann,0,Fine Leg
Ruben Trumpelmann,6,Long On
Ruben Trumpelmann,4,Mid Wicket
Ruben Trumpelmann,2,Mid Wicket
Ruben Trumpelmann,1,Square Leg
Lokesh Rahul,1,Square Leg
Rohit Sharma,0,Third Man
Rohit Sharma,4,Fine Leg
Rohit Sharma,1,Square Leg
Lokesh Rahul,0,Point
Lokesh Rahul,0,Long Off
Rohit Sharma,0,Mid Wicket
Rohit Sharma,0,Long Off
Rohit Sharma,4,Long Off
Rohit Sharma,0,Long On
Rohit Sharma,6,Square Leg
Rohit Sharma,1,Third Man
Rohit Sharma,4,Long Off
Rohit Sharma,0,Long On
Rohit Sharma,0,Mid Wicket
Rohit Sharma,2,Long On
Rohit Sharma,2,Mid Wicket
Rohit Sharma,1,Square Leg
Rohit Sharma,1,Mid Wicket
Lokesh Rahul,6,Mid Wicket
Lokesh Rahul,0,Point
Lokesh Rahul,0,Third Man
Lokesh Rahul,0,Third Man
Lokesh Rahul,0,Long Off
Rohit Sharma,0,Point
Rohit Sharma,4,Covers
Rohit Sharma,0,Long On
Rohit Sharma,6,Long On
Rohit Sharma,0,Point
Rohit Sharma,1,Mid Wicket
Rohit Sharma,1,Mid Wicket
Lokesh Rahul,4,Covers
Lokesh Rahul,1,Mid Wicket
Rohit Sharma,1,Mid Wicket
Lokesh Rahul,2,Covers
Lokesh Rahul,1,Square Leg
Lokesh Rahul,1,Mid Wicket
Rohit Sharma,1,Square Leg
Lokesh Rahul,1,Mid Wicket
Rohit Sharma,1,Square Leg
Lokesh Rahul,1,Long On
Rohit Sharma,4,Square Leg
Lokesh Rahul,1,Long On
Rohit Sharma,4,Fine Leg
Rohit Sharma,0,Covers
Rohit Sharma,0,Fine Leg
Rohit Sharma,1,Mid Wicket
Lokesh Rahul,1,Long On
Lokesh Rahul,1,Long Off
Rohit Sharma,0,Long On
Rohit Sharma,0,Point
Rohit Sharma,4,Long Off
Rohit Sharma,1,Long On
Lokesh Rahul,1,Long Off
Lokesh Rahul,1,Mid Wicket
Rohit Sharma,1,Point
Lokesh Rahul,6,Fine Leg
Lokesh Rahul,1,Mid Wicket
Rohit Sharma,0,Point
Lokesh Rahul,1,Point
Lokesh Rahul,1,Mid Wicket
Suryakumar Yadav,0,Long Off
Suryakumar Yadav,2,Point
Suryakumar Yadav,4,Covers
Suryakumar Yadav,1,Covers
Lokesh Rahul,1,Long On
Lokesh Rahul,1,Covers
Suryakumar Yadav,1,Long On
Lokesh Rahul,2,Covers
Lokesh Rahul,4,Mid Wicket
Lokesh Rahul,1,Third Man
Suryakumar Yadav,0,Long Off
Lokesh Rahul,1,Point
Suryakumar Yadav,4,Fine Leg
Suryakumar Yadav,0,Point
Suryakumar Yadav,0,Third Man
Suryakumar Yadav,1,Long Off
Lokesh Rahul,0,Point
Suryakumar Yadav,1,Point
Lokesh Rahul,4,Long Off
Lokesh Rahul,1,Fine Leg
Suryakumar Yadav,0,Third Man
Suryakumar Yadav,4,Mid Wicket
Suryakumar Yadav,1,Square Leg
Suryakumar Yadav,4,Point
Suryakumar Yadav,0,Covers
Suryakumar Yadav,1,Long Off
Lokesh Rahul,2,Mid Wicket
Lokesh Rahul,1,Long On
Suryakumar Yadav,1,Covers
Suryakumar Yadav,1,Square Leg
Lokesh Rahul,4,Long Off
Mohammad Rizwan,0,Long Off
Mohammad Rizwan,0,Covers
Mohammad Rizwan,0,Fine Leg
Mohammad Rizwan,0,Long Off
Mohammad Rizwan,1,Square Leg
Babar Azam,0,Point
Mohammad Rizwan,2,Square Leg
Mohammad Rizwan,0,Long On
Mohammad Rizwan,1,Covers
Babar Azam,1,Covers
Mohammad Rizwan,1,Square Leg
Babar Azam,1,Third Man
Babar Azam,0,Mid Wicket
Babar Azam,1,Covers
Mohammad Rizwan,1,Fine Leg
Babar Azam,0,Covers
Babar Azam,4,Covers
Babar Azam,1,Square Leg
Babar Azam,1,Fine Leg
Babar Azam,1,Fine Leg
Babar Azam,0,Covers
Babar Azam,1,Fine Leg
Babar Azam,0,Mid Wicket
Babar Azam,0,Mid Wicket
Babar Azam,0,Long Off
Babar Azam,1,Covers
Mohammad Rizwan,0,Long Off
Babar Azam,2,Long On
Babar Azam,4,Mid Wicket
Babar Azam,1,Third Man
Mohammad Rizwan,6,Mid Wicket
Mohammad Rizwan,0,Long On
Mohammad Rizwan,1,Square Leg
Mohammad Rizwan,0,Fine Leg
Mohammad Rizwan,1,Square Leg
Babar Azam,1,Third Man
Mohammad Rizwan,0,Fine Leg
Mohammad Rizwan,1,Long On
Babar Azam,0,Third Man
Mohammad Rizwan,0,Fine Leg
Fakhar Zaman,0,Mid Wicket
Fakhar Zaman,1,Covers
Babar Azam,1,Mid Wicket
Fakhar Zaman,0,Long Off
Fakhar Zaman,1,Long On
Fakhar Zaman,1,Long On
Babar Azam,2,Mid Wicket
Babar Azam,1,Long On
Fakhar Zaman,1,Covers
Babar Azam,1,Fine Leg
Babar Azam,1,Long On
Fakhar Zaman,0,Long Off
Babar Azam,6,Mid Wicket
Babar Azam,2,Fine Leg
Babar Azam,1,Long Off
Fakhar Zaman,1,Long On
Babar Azam,1,Covers
Fakhar Zaman,1,Mid Wicket
Fakhar Zaman,2,Point
Fakhar Zaman,0,Point
Fakhar Zaman,0,Point
Fakhar Zaman,0,Mid Wicket
Mohammad Hafeez,0,Covers
Mohammad Hafeez,1,Mid Wicket
Mohammad Hafeez,0,Covers
Mohammad Hafeez,1,Covers
Babar Azam,0,Long Off
Babar Azam,1,Mid Wicket
Mohammad Hafeez,2,Long On
Mohammad Hafeez,4,Long Off
Babar Azam,4,Square Leg
Babar Azam,1,Square Leg
Mohammad Hafeez,0,Fine Leg
Mohammad Hafeez,0,Point
Mohammad Hafeez,1,Long On
Babar Azam,1,Mid Wicket
Babar Azam,0,Covers
Babar Azam,1,Third Man
Babar Azam,4,Mid Wicket
Babar Azam,4,Third Man
Babar Azam,1,Mid Wicket
Mohammad Hafeez,1,Long Off
Babar Azam,1,Long On
Babar Azam,1,Fine Leg
Babar Azam,1,Long On
Mohammad Hafeez,4,Covers
Mohammad Hafeez,2,Covers
Mohammad Hafeez,1,Third Man
Babar Azam,1,Long On
Mohammad Hafeez,0,Third Man
Babar Azam,1,Square Leg
Mohammad Hafeez,6,Long On
Mohammad Hafeez,0,Third Man
Mohammad Hafeez,4,Covers
Mohammad Hafeez,4,Square Leg
Mohammad Hafeez,0,NULL
Babar Azam,1,Mid Wicket
Shoaib Malik,1,Point
Babar Azam,6,Long On
Babar Azam,1,Point
Shoaib Malik,2,Mid Wicket
Shoaib Malik,1,Square Leg
Shoaib Malik,1,Long On
Babar Azam,0,Covers
Babar Azam,1,Point
Shoaib Malik,6,Long Off
Shoaib Malik,1,Mid Wicket
Babar Azam,6,Long On
Shoaib Malik,1,Long On
Babar Azam,2,Mid Wicket
Babar Azam,0,Long On
Shoaib Malik,2,Mid Wicket
Shoaib Malik,2,Mid Wicket
Shoaib Malik,0,Long On
Asif Ali,1,Mid Wicket
Shoaib Malik,2,Mid Wicket
Shoaib Malik,6,Mid Wicket
Shoaib Malik,1,Long Off
Asif Ali,1,Long On
Shoaib Malik,6,Long On
Asif Ali,2,Mid Wicket
Asif Ali,1,Long Off
Shoaib Malik,6,Mid Wicket
Shoaib Malik,4,Square Leg
Shoaib Malik,6,Long On
Shoaib Malik,1,Fine Leg
Shoaib Malik,6,Mid Wicket
George Munsey,0,Fine Leg
George Munsey,0,Long Off
George Munsey,1,Fine Leg
George Munsey,0,Long Off
George Munsey,4,Long Off
George Munsey,0,Covers
George Munsey,0,Long Off
Kyle Coetzer,0,Point
Kyle Coetzer,0,Third Man
Kyle Coetzer,4,Covers
Kyle Coetzer,0,Long Off
Kyle Coetzer,1,Long On
George Munsey,1,Long On
George Munsey,1,Fine Leg
George Munsey,1,Covers
George Munsey,1,Mid Wicket
Kyle Coetzer,0,Fine Leg
Kyle Coetzer,1,Mid Wicket
George Munsey,4,Covers
George Munsey,0,Mid Wicket
George Munsey,0,Long Off
Kyle Coetzer,0,Mid Wicket
Kyle Coetzer,0,Fine Leg
Kyle Coetzer,0,Mid Wicket
Kyle Coetzer,1,Square Leg
George Munsey,0,Third Man
George Munsey,0,Long Off
Kyle Coetzer,1,Square Leg
George Munsey,0,Point
George Munsey,1,Mid Wicket
Kyle Coetzer,1,Square Leg
George Munsey,0,Third Man
George Munsey,0,Fine Leg
Kyle Coetzer,0,Mid Wicket
Kyle Coetzer,0,Fine Leg
Kyle Coetzer,0,NULL
Matthew Cross,0,Point
Matthew Cross,1,Point
George Munsey,0,Long Off
Matthew Cross,0,Fine Leg
Matthew Cross,1,Fine Leg
George Munsey,1,Point
Matthew Cross,1,Fine Leg
George Munsey,1,Point
Matthew Cross,2,Point
George Munsey,0,Long On
George Munsey,1,Fine Leg
George Munsey,1,Fine Leg
George Munsey,1,Covers
Matthew Cross,1,Mid Wicket
George Munsey,1,Point
Matthew Cross,1,Long Off
George Munsey,0,Long On
Richie Berrington,0,Long On
Richie Berrington,0,Mid Wicket
Richie Berrington,0,Fine Leg
Richie Berrington,1,Square Leg
George Munsey,0,Long On
George Munsey,0,Point
Richie Berrington,1,Long Off
George Munsey,0,Point
George Munsey,1,Mid Wicket
Richie Berrington,0,Third Man
Richie Berrington,1,Long Off
George Munsey,1,Long On
George Munsey,0,Third Man
Dylan Budge,0,Point
Dylan Budge,0,NULL
Michael Leask,0,Fine Leg
Michael Leask,1,Covers
Richie Berrington,1,Square Leg
Richie Berrington,2,Mid Wicket
Richie Berrington,2,Covers
Michael Leask,0,Third Man
Michael Leask,1,Covers
Richie Berrington,1,Fine Leg
Richie Berrington,4,Covers
Richie Berrington,2,Long On
Richie Berrington,4,Mid Wicket
Michael Leask,0,Fine Leg
Michael Leask,0,Fine Leg
Michael Leask,0,Long Off
Michael Leask,4,Mid Wicket
Michael Leask,1,Long On
Richie Berrington,1,Mid Wicket
Richie Berrington,1,Covers
Michael Leask,4,Covers
Michael Leask,1,Long On
Richie Berrington,1,Square Leg
Michael Leask,1,Fine Leg
Richie Berrington,2,Mid Wicket
Michael Leask,1,Long On
Richie Berrington,0,Long Off
Richie Berrington,2,Mid Wicket
Richie Berrington,2,Square Leg
Richie Berrington,0,Fine Leg
Richie Berrington,1,Mid Wicket
Richie Berrington,1,Fine Leg
Richie Berrington,0,Third Man
Richie Berrington,4,Third Man
Richie Berrington,1,Third Man
Michael Leask,0,NULL
Chris Greaves,0,Third Man
Chris Greaves,0,Fine Leg
Richie Berrington,2,Mid Wicket
Richie Berrington,4,Square Leg
Richie Berrington,1,Square Leg
Chris Greaves,1,Long Off
Richie Berrington,0,Third Man
Richie Berrington,2,Mid Wicket
Chris Greaves,0,Fine Leg
Chris Greaves,1,Square Leg
Richie Berrington,0,Mid Wicket
Richie Berrington,6,Long On
Richie Berrington,2,Square Leg
Richie Berrington,2,Covers
Chris Greaves,0,Fine Leg
Chris Greaves,1,Covers
Richie Berrington,1,Square Leg
Chris Greaves,0,Third Man
Chris Greaves,1,Long Off
Richie Berrington,1,Long Off
Chris Greaves,1,Covers
Chris Greaves,1,Fine Leg
Chris Greaves,0,Third Man
Chris Greaves,0,NULL
Mark Watt,0,Long Off
Mark Watt,1,Covers
Richie Berrington,1,Mid Wicket
Mark Watt,1,Long Off
Hazratullah Zazai,1,Third Man
Hazratullah Zazai,1,Fine Leg
Mohammad Shahzad,4,Long Off
Mohammad Shahzad,0,Long On
Mohammad Shahzad,0,Fine Leg
Mohammad Shahzad,0,Third Man
Mohammad Shahzad,0,Mid Wicket
Hazratullah Zazai,1,Fine Leg
Mohammad Shahzad,0,Third Man
Mohammad Shahzad,0,Third Man
Mohammad Shahzad,0,Covers
Mohammad Shahzad,0,Third Man
Mohammad Shahzad,0,Fine Leg
Hazratullah Zazai,1,Covers
Mohammad Shahzad,0,Third Man
Rahmanullah Gurbaz,0,Third Man
Rahmanullah Gurbaz,4,Fine Leg
Rahmanullah Gurbaz,0,Point
Rahmanullah Gurbaz,0,Covers
Hazratullah Zazai,0,Mid Wicket
Gulbadin Naib,0,Third Man
Gulbadin Naib,0,Third Man
Gulbadin Naib,0,Point
Gulbadin Naib,0,Point
Gulbadin Naib,4,Third Man
Rahmanullah Gurbaz,1,Fine Leg
Gulbadin Naib,1,Third Man
Rahmanullah Gurbaz,0,Point
Rahmanullah Gurbaz,0,Fine Leg
Rahmanullah Gurbaz,1,Covers
Gulbadin Naib,0,Third Man
Rahmanullah Gurbaz,0,NULL
Najibullah Zadran,2,Covers
Najibullah Zadran,0,Long On
Najibullah Zadran,0,Long Off
Najibullah Zadran,0,Third Man
Najibullah Zadran,2,Square Leg
Gulbadin Naib,2,Mid Wicket
Gulbadin Naib,1,Long On
Najibullah Zadran,1,Mid Wicket
Gulbadin Naib,0,Fine Leg
Gulbadin Naib,1,Covers
Najibullah Zadran,0,Covers
Gulbadin Naib,1,Square Leg
Najibullah Zadran,1,Covers
Gulbadin Naib,1,Mid Wicket
Najibullah Zadran,4,Long On
Najibullah Zadran,0,Long On
Najibullah Zadran,1,Long On
Najibullah Zadran,1,Covers
Gulbadin Naib,1,Covers
Najibullah Zadran,1,Third Man
Gulbadin Naib,1,Square Leg
Najibullah Zadran,4,Long On
Najibullah Zadran,4,Third Man
Gulbadin Naib,1,Long On
Najibullah Zadran,4,Square Leg
Najibullah Zadran,1,Long On
Gulbadin Naib,1,Mid Wicket
Najibullah Zadran,1,Long Off
Gulbadin Naib,0,NULL
Najibullah Zadran,1,Point
Mohammad Nabi,1,Mid Wicket
Najibullah Zadran,0,Third Man
Najibullah Zadran,0,Fine Leg
Najibullah Zadran,1,Point
Mohammad Nabi,2,Third Man
Najibullah Zadran,0,Covers
Najibullah Zadran,1,Fine Leg
Najibullah Zadran,1,Square Leg
Mohammad Nabi,0,Long Off
Mohammad Nabi,1,Long Off
Najibullah Zadran,1,Long Off
Mohammad Nabi,1,Long Off
Mohammad Nabi,0,Mid Wicket
Mohammad Nabi,0,Fine Leg
Mohammad Nabi,0,Mid Wicket
Mohammad Nabi,0,Square Leg
Mohammad Nabi,1,Mid Wicket
Najibullah Zadran,1,Square Leg
Najibullah Zadran,6,Long On
Najibullah Zadran,1,Mid Wicket
Mohammad Nabi,1,Mid Wicket
Najibullah Zadran,6,Mid Wicket
Najibullah Zadran,2,Long On
Najibullah Zadran,1,Third Man
Najibullah Zadran,2,Mid Wicket
Mohammad Nabi,0,Point
Mohammad Nabi,0,Fine Leg
Mohammad Nabi,1,Long On
Najibullah Zadran,0,Third Man
Najibullah Zadran,1,Covers
Mohammad Nabi,2,Mid Wicket
Najibullah Zadran,0,Third Man
Najibullah Zadran,1,Mid Wicket
Mohammad Nabi,1,Mid Wicket
Najibullah Zadran,2,Long On
Najibullah Zadran,0,Long On
Najibullah Zadran,1,Long Off
Najibullah Zadran,1,Covers
Mohammad Nabi,1,Covers
Najibullah Zadran,0,Fine Leg
Najibullah Zadran,1,Square Leg
Najibullah Zadran,1,Mid Wicket
Mohammad Nabi,1,Point
Mohammad Nabi,1,Long On
Najibullah Zadran,6,Long Off
Najibullah Zadran,2,Mid Wicket
Najibullah Zadran,4,Fine Leg
Najibullah Zadran,1,Third Man
Mohammad Nabi,0,Long Off
Najibullah Zadran,4,Fine Leg
Najibullah Zadran,0,Long Off
Karim Janat,2,Long On
Karim Janat,0,Fine Leg
Rashid Khan,1,Covers
Mujeeb Ur Rahman,0,Third Man
Rashid Khan,2,Mid Wicket
Rashid Khan,0,Fine Leg
Rashid Khan,0,Fine Leg
Rashid Khan,0,Third Man
Rashid Khan,0,Third Man
Rashid Khan,0,Long Off
Martin Guptill,0,Covers
Martin Guptill,2,Long On
Martin Guptill,1,Long Off
Daryl Joseph Mitchell,0,Long Off
Daryl Joseph Mitchell,0,Long Off
Daryl Joseph Mitchell,4,Covers
Martin Guptill,1,Square Leg
Daryl Joseph Mitchell,0,Covers
Daryl Joseph Mitchell,2,Long On
Daryl Joseph Mitchell,0,Point
Daryl Joseph Mitchell,4,Point
Daryl Joseph Mitchell,1,Third Man
Daryl Joseph Mitchell,4,Long Off
Daryl Joseph Mitchell,1,Covers
Martin Guptill,0,Third Man
Martin Guptill,4,Covers
Martin Guptill,1,Long On
Daryl Joseph Mitchell,1,Square Leg
Daryl Joseph Mitchell,0,Third Man
Kane Williamson,0,Fine Leg
Kane Williamson,1,Long On
Martin Guptill,1,Long On
Kane Williamson,1,Long On
Martin Guptill,1,Long On
Martin Guptill,4,Long Off
Martin Guptill,0,Long On
Martin Guptill,1,Long On
Kane Williamson,0,Covers
Kane Williamson,0,Point
Kane Williamson,1,Point
Kane Williamson,0,Long On
Kane Williamson,0,Long On
Kane Williamson,1,Fine Leg
Martin Guptill,0,Long Off
Martin Guptill,4,Mid Wicket
Martin Guptill,4,Covers
Kane Williamson,1,Third Man
Martin Guptill,1,Long Off
Kane Williamson,1,Mid Wicket
Martin Guptill,1,Long On
Kane Williamson,0,Long On
Kane Williamson,1,Square Leg
Kane Williamson,1,Covers
Martin Guptill,1,Covers
Kane Williamson,0,Covers
Kane Williamson,1,Long On
Martin Guptill,0,Point
Martin Guptill,0,Third Man
Kane Williamson,1,Fine Leg
Kane Williamson,1,Third Man
Martin Guptill,1,Square Leg
Kane Williamson,1,Long On
Martin Guptill,0,Covers
Martin Guptill,0,NULL
Devon Conway,1,Long On
Devon Conway,1,Fine Leg
Kane Williamson,0,Long Off
Kane Williamson,0,Long On
Kane Williamson,0,Third Man
Kane Williamson,0,Long On
Kane Williamson,2,Long Off
Devon Conway,0,Long Off
Devon Conway,0,Point
Devon Conway,0,Fine Leg
Devon Conway,0,Point
Devon Conway,1,Long Off
Kane Williamson,1,Point
Kane Williamson,1,Mid Wicket
Devon Conway,1,Third Man
Kane Williamson,4,Mid Wicket
Kane Williamson,1,Third Man
Devon Conway,0,Mid Wicket
Devon Conway,0,Long On
Kane Williamson,1,Long On
Devon Conway,1,Square Leg
Kane Williamson,1,Covers
Devon Conway,1,Long On
Kane Williamson,4,Covers
Kane Williamson,0,Third Man
Devon Conway,2,Covers
Devon Conway,4,Square Leg
Devon Conway,4,Mid Wicket
Devon Conway,1,Third Man
Kane Williamson,1,Point
Devon Conway,1,Covers
Devon Conway,4,Point
Devon Conway,1,Long On
Kane Williamson,1,Long On
Devon Conway,1,Mid Wicket
Kane Williamson,1,Fine Leg
Devon Conway,2,Fine Leg
Kane Williamson,1,Third Man
Devon Conway,0,Fine Leg
Devon Conway,0,Long On
Devon Conway,1,Point
Kane Williamson,4,Covers
Kane Williamson,1,Square Leg
Kane Williamson,1,Long Off
Devon Conway,4,Long On
Devon Conway,0,Square Leg
Devon Conway,1,Fine Leg
Devon Conway,2,Point
Devon Conway,0,Covers
Devon Conway,2,Mid Wicket
Kane Williamson,2,Covers
Kane Williamson,0,Long Off
Kane Williamson,1,Long Off
Devon Conway,1,Square Leg
Kane Williamson,1,Long Off
Devon Conway,1,Square Leg
Devon Conway,1,Long On
Reeza Hendricks,0,Covers
Reeza Hendricks,1,Long On
Quinton De Kock,0,Square Leg
Quinton De Kock,4,Covers
Quinton De Kock,1,Long On
Reeza Hendricks,0,Point
Quinton De Kock,0,Covers
Quinton De Kock,1,Long Off
Reeza Hendricks,1,Point
Quinton De Kock,0,Mid Wicket
Quinton De Kock,1,Long Off
Reeza Hendricks,0,Covers
Quinton De Kock,4,Long Off
Quinton De Kock,2,Square Leg
Reeza Hendricks,0,Point
Reeza Hendricks,0,Covers
Reeza Hendricks,0,NULL
Rassie van der Dussen,1,Mid Wicket
Quinton De Kock,0,Covers
Rassie van der Dussen,4,Fine Leg
Rassie van der Dussen,0,Fine Leg
Rassie van der Dussen,0,Covers
Rassie van der Dussen,0,Long Off
Rassie van der Dussen,0,Long On
Rassie van der Dussen,1,Mid Wicket
Rassie van der Dussen,1,Long On
Quinton De Kock,1,Mid Wicket
Rassie van der Dussen,0,Long On
Rassie van der Dussen,1,Long Off
Quinton De Kock,1,Mid Wicket
Rassie van der Dussen,1,Mid Wicket
Rassie van der Dussen,4,Square Leg
Rassie van der Dussen,6,Mid Wicket
Rassie van der Dussen,1,Mid Wicket
Quinton De Kock,1,Covers
Rassie van der Dussen,1,Fine Leg
Quinton De Kock,1,Fine Leg
Quinton De Kock,1,Long Off
Rassie van der Dussen,1,Mid Wicket
Quinton De Kock,4,Point
Quinton De Kock,1,Mid Wicket
Rassie van der Dussen,1,Square Leg
Quinton De Kock,1,Covers
Quinton De Kock,1,Mid Wicket
Rassie van der Dussen,4,Third Man
Rassie van der Dussen,0,Third Man
Rassie van der Dussen,1,Long On
Quinton De Kock,1,Long On
Rassie van der Dussen,0,Fine Leg
Quinton De Kock,1,Point
Rassie van der Dussen,0,Covers
Rassie van der Dussen,1,Long On
Quinton De Kock,1,Mid Wicket
Rassie van der Dussen,2,Square Leg
Rassie van der Dussen,4,Fine Leg
Quinton De Kock,1,Long On
Rassie van der Dussen,1,Mid Wicket
Quinton De Kock,4,Point
Quinton De Kock,1,Long Off
Rassie van der Dussen,0,Point
Rassie van der Dussen,1,Long Off
Rassie van der Dussen,1,Mid Wicket
Quinton De Kock,1,Point
Rassie van der Dussen,6,Fine Leg
Rassie van der Dussen,1,Fine Leg
Quinton De Kock,1,Mid Wicket
Rassie van der Dussen,1,Fine Leg
Rassie van der Dussen,1,Covers
Rassie van der Dussen,1,Square Leg
Quinton De Kock,0,Long On
Rassie van der Dussen,2,Fine Leg
Rassie van der Dussen,1,Mid Wicket
Aiden Markram,1,Long On
Rassie van der Dussen,1,Mid Wicket
Rassie van der Dussen,1,Covers
Aiden Markram,1,Covers
Rassie van der Dussen,1,Fine Leg
Aiden Markram,2,Mid Wicket
Aiden Markram,1,Mid Wicket
Rassie van der Dussen,6,Square Leg
Aiden Markram,1,Mid Wicket
Rassie van der Dussen,1,Mid Wicket
Aiden Markram,1,Long Off
Rassie van der Dussen,1,Long Off
Aiden Markram,6,Mid Wicket
Aiden Markram,1,Mid Wicket
Aiden Markram,1,Covers
Rassie van der Dussen,0,Fine Leg
Rassie van der Dussen,1,Covers
Aiden Markram,1,Covers
Rassie van der Dussen,0,Fine Leg
Rassie van der Dussen,1,Mid Wicket
Rassie van der Dussen,6,Long On
Rassie van der Dussen,6,Mid Wicket
Rassie van der Dussen,2,Point
Rassie van der Dussen,1,Point
Aiden Markram,6,Mid Wicket
Aiden Markram,0,Third Man
Rassie van der Dussen,0,Third Man
Rassie van der Dussen,1,Mid Wicket
Aiden Markram,4,Point
Aiden Markram,0,Point
Aiden Markram,2,Mid Wicket
Aiden Markram,4,Covers
Rassie van der Dussen,1,Long Off
Aiden Markram,3,Covers
Rassie van der Dussen,0,Third Man
Rassie van der Dussen,1,Fine Leg
Aiden Markram,1,Long On
Rassie van der Dussen,4,Third Man
Aiden Markram,0,Third Man
Aiden Markram,2,Point
Aiden Markram,6,Mid Wicket
Aiden Markram,1,Square Leg
Rassie van der Dussen,2,Square Leg
Rassie van der Dussen,2,Square Leg
Aiden Markram,1,Point
Rassie van der Dussen,1,Square Leg
Aiden Markram,6,Long Off
Aiden Markram,1,Long On
Rassie van der Dussen,6,Mid Wicket
Rassie van der Dussen,1,Point
Jason Roy,0,Long Off
Jason Roy,0,Long Off
Jason Roy,0,Long Off
Jason Roy,1,Long Off
Jos Buttler,0,Covers
Jos Buttler,1,Mid Wicket
Jos Buttler,1,Covers
Jason Roy,0,Point
Jason Roy,0,Square Leg
Jason Roy,4,Long Off
Jason Roy,1,Long Off
Jos Buttler,4,Point
Jason Roy,4,Long On
Jason Roy,0,Covers
Jason Roy,0,Point
Jason Roy,4,Square Leg
Jason Roy,1,Mid Wicket
Jos Buttler,1,Long Off
Jos Buttler,4,Covers
Jos Buttler,4,Mid Wicket
Jos Buttler,1,Square Leg
Jason Roy,4,Fine Leg
Jason Roy,1,Fine Leg
Jos Buttler,1,Covers
Jos Buttler,1,Mid Wicket
Moeen Ali,1,Point
Jos Buttler,1,Fine Leg
Moeen Ali,1,Third Man
Moeen Ali,1,Mid Wicket
Jos Buttler,1,Mid Wicket
Moeen Ali,5,Covers
Moeen Ali,2,Point
Jos Buttler,6,Mid Wicket
Jos Buttler,2,Covers
Jos Buttler,0,Covers
Jonny Bairstow,1,Mid Wicket
Moeen Ali,0,Point
Moeen Ali,0,Point
Jonny Bairstow,0,Square Leg
Jonny Bairstow,0,NULL
Dawid Malan,1,Covers
Moeen Ali,0,Third Man
Moeen Ali,1,Long On
Dawid Malan,0,Fine Leg
Moeen Ali,0,Point
Moeen Ali,1,Long On
Dawid Malan,0,Third Man
Dawid Malan,1,Long Off
Moeen Ali,1,Long On
Dawid Malan,0,Long On
Moeen Ali,0,Covers
Moeen Ali,4,Mid Wicket
Moeen Ali,0,Third Man
Moeen Ali,2,Point
Moeen Ali,0,Point
Moeen Ali,0,Point
Dawid Malan,1,Long Off
Moeen Ali,1,Square Leg
Dawid Malan,4,Third Man
Dawid Malan,4,Covers
Dawid Malan,0,Covers
Dawid Malan,1,Square Leg
Dawid Malan,2,Third Man
Dawid Malan,3,Third Man
Moeen Ali,0,Covers
Moeen Ali,1,Fine Leg
Dawid Malan,0,Third Man
Dawid Malan,2,Point
Moeen Ali,0,Long Off
Moeen Ali,6,Covers
Moeen Ali,4,Long Off
Moeen Ali,1,Fine Leg
Moeen Ali,1,Third Man
Moeen Ali,1,Long On
Dawid Malan,1,Long On
Moeen Ali,1,Long On
Moeen Ali,6,Long On
Moeen Ali,0,Long On
Liam Livingstone,0,Fine Leg
Liam Livingstone,0,Long On
Liam Livingstone,1,Long On
Dawid Malan,1,Long On
Dawid Malan,0,Fine Leg
Dawid Malan,0,Fine Leg
Dawid Malan,4,Square Leg
Dawid Malan,0,Square Leg
Dawid Malan,1,Square Leg
Liam Livingstone,0,Fine Leg
Dawid Malan,0,Third Man
Dawid Malan,0,Fine Leg
Dawid Malan,1,Long Off
Liam Livingstone,0,Point
Liam Livingstone,1,Mid Wicket
Dawid Malan,6,Long Off
Liam Livingstone,6,Mid Wicket
Liam Livingstone,6,Long On
Liam Livingstone,6,Long Off
Liam Livingstone,0,Fine Leg
Liam Livingstone,0,Fine Leg
Liam Livingstone,1,Mid Wicket
Liam Livingstone,1,Long Off
Dawid Malan,0,Third Man
Liam Livingstone,1,Mid Wicket
Eoin Morgan,4,Square Leg
Eoin Morgan,1,Fine Leg
Liam Livingstone,4,Point
Eoin Morgan,1,Point
Liam Livingstone,1,Long Off
Eoin Morgan,4,Covers
Eoin Morgan,0,Point
Eoin Morgan,4,Point
Eoin Morgan,0,Third Man
Liam Livingstone,0,Long Off
Eoin Morgan,0,Covers
Eoin Morgan,2,Long On
Chris Woakes,6,Long Off
Chris Woakes,1,Fine Leg
Eoin Morgan,0,Third Man
Eoin Morgan,2,Mid Wicket
Chris Woakes,0,Mid Wicket
Eoin Morgan,0,Square Leg
Chris Jordan,0,Long Off
Adil Rashid,1,Long On
Mark Wood,1,Mid Wicket
Adil Rashid,1,Long On
Christopher Gayle,2,Fine Leg
Christopher Gayle,1,Long Off
Evin Lewis,1,Square Leg
Christopher Gayle,0,Third Man
Christopher Gayle,0,Fine Leg
Christopher Gayle,0,Long On
Evin Lewis,4,Mid Wicket
Evin Lewis,4,Square Leg
Evin Lewis,4,Long On
Evin Lewis,1,Square Leg
Christopher Gayle,6,Mid Wicket
Christopher Gayle,1,Fine Leg
Christopher Gayle,6,Long On
Christopher Gayle,0,NULL
Nicholas Pooran,0,Fine Leg
Nicholas Pooran,4,Long On
Nicholas Pooran,1,Point
Evin Lewis,0,Covers
Nicholas Pooran,0,Covers
Roston Chase,0,Covers
Roston Chase,0,NULL
Shimron Hetmyer,1,Point
Evin Lewis,1,Long On
Shimron Hetmyer,0,Long Off
Evin Lewis,1,Square Leg
Shimron Hetmyer,1,Point
Evin Lewis,0,Point
Evin Lewis,1,Square Leg
Shimron Hetmyer,4,Covers
Shimron Hetmyer,0,Square Leg
Evin Lewis,1,Point
Shimron Hetmyer,0,Long Off
Shimron Hetmyer,1,Long On
Evin Lewis,4,Square Leg
Evin Lewis,0,Mid Wicket
Evin Lewis,0,Long Off
Shimron Hetmyer,1,Long Off
Evin Lewis,0,Third Man
Evin Lewis,0,Third Man
Evin Lewis,1,Point
Shimron Hetmyer,1,Square Leg
Evin Lewis,0,Third Man
Shimron Hetmyer,1,Long Off
Evin Lewis,1,Mid Wicket
Shimron Hetmyer,1,Long On
Evin Lewis,0,Square Leg
Evin Lewis,1,Square Leg
Shimron Hetmyer,0,Long Off
Evin Lewis,1,Covers
Shimron Hetmyer,1,Long Off
Evin Lewis,1,Point
Shimron Hetmyer,4,Long Off
Shimron Hetmyer,1,Mid Wicket
Evin Lewis,0,Fine Leg
Shimron Hetmyer,1,Mid Wicket
Evin Lewis,4,Square Leg
Evin Lewis,0,Long On
Shimron Hetmyer,1,Point
Kieron Pollard,1,Long Off
Shimron Hetmyer,1,Third Man
Shimron Hetmyer,1,Square Leg
Shimron Hetmyer,0,Covers
Shimron Hetmyer,1,Long On
Kieron Pollard,2,Mid Wicket
Kieron Pollard,0,Point
Kieron Pollard,1,Third Man
Kieron Pollard,1,Fine Leg
Shimron Hetmyer,2,Square Leg
Kieron Pollard,0,Long Off
Kieron Pollard,1,Mid Wicket
Shimron Hetmyer,0,Point
Shimron Hetmyer,0,Mid Wicket
Shimron Hetmyer,1,Long Off
Kieron Pollard,4,Point
Shimron Hetmyer,0,Mid Wicket
Shimron Hetmyer,2,Long Off
Shimron Hetmyer,1,Point
Kieron Pollard,1,Mid Wicket
Shimron Hetmyer,0,Fine Leg
Dwayne Bravo,1,Square Leg
Dwayne Bravo,0,Long On
Dwayne Bravo,1,Covers
Kieron Pollard,0,Long On
Kieron Pollard,1,Square Leg
Dwayne Bravo,0,Third Man
Dwayne Bravo,0,Point
Kieron Pollard,2,Fine Leg
Kieron Pollard,0,Third Man
Kieron Pollard,0,Covers
Kieron Pollard,2,Square Leg
Kieron Pollard,1,Long On
Dwayne Bravo,0,Long Off
Kieron Pollard,1,Covers
Dwayne Bravo,1,Long Off
Kieron Pollard,1,Square Leg
Dwayne Bravo,0,Third Man
Dwayne Bravo,6,Covers
Dwayne Bravo,1,Point
Dwayne Bravo,1,Third Man
Kieron Pollard,2,Covers
Kieron Pollard,4,Long Off
Kieron Pollard,0,Third Man
Kieron Pollard,6,Square Leg
Kieron Pollard,1,Square Leg
Kieron Pollard,2,Fine Leg
Kieron Pollard,1,Mid Wicket
Dwayne Bravo,0,Long On
Kieron Pollard,4,Mid Wicket
Kieron Pollard,1,Third Man
Kieron Pollard,4,Fine Leg
Kieron Pollard,1,Long On
Kieron Pollard,1,Square Leg
Andre Russell,4,Fine Leg
Andre Russell,0,Third Man
Andre Russell,1,Covers
Kieron Pollard,1,Mid Wicket
Andre Russell,0,Fine Leg
Kieron Pollard,0,Third Man
Kieron Pollard,0,Long On
Andre Russell,1,Long On
Jason Holder,1,Covers
Andre Russell,6,Mid Wicket
Andre Russell,6,Long On
David Warner,0,Third Man
David Warner,1,Long On
Aaron Finch,0,Point
Aaron Finch,1,Square Leg
David Warner,2,Mid Wicket
David Warner,1,Long On
David Warner,0,Long Off
David Warner,0,Long Off
David Warner,4,Covers
David Warner,1,Long Off
Aaron Finch,4,Covers
Aaron Finch,3,Long On
Aaron Finch,1,Mid Wicket
Aaron Finch,0,Covers
Aaron Finch,0,Point
Aaron Finch,1,Mid Wicket
David Warner,4,Long On
David Warner,4,Third Man
David Warner,6,Mid Wicket
Aaron Finch,0,Long Off
Aaron Finch,0,Mid Wicket
Aaron Finch,0,NULL
Mitchell Marsh,1,Long Off
David Warner,1,Long On
Mitchell Marsh,0,Long Off
David Warner,4,Long Off
David Warner,0,Long Off
David Warner,0,Long Off
David Warner,0,Covers
David Warner,1,Long Off
Mitchell Marsh,1,Long On
Mitchell Marsh,1,Mid Wicket
David Warner,6,Fine Leg
David Warner,0,Covers
David Warner,0,Fine Leg
David Warner,4,Point
David Warner,1,Mid Wicket
David Warner,0,Long On
David Warner,1,Fine Leg
Mitchell Marsh,4,Third Man
Mitchell Marsh,1,Mid Wicket
David Warner,1,Long On
Mitchell Marsh,1,Mid Wicket
Mitchell Marsh,1,Point
David Warner,1,Third Man
Mitchell Marsh,6,Long Off
Mitchell Marsh,1,Long On
David Warner,1,Long On
Mitchell Marsh,0,Long On
David Warner,6,Mid Wicket
David Warner,2,Mid Wicket
David Warner,1,Square Leg
Mitchell Marsh,0,Point
Mitchell Marsh,1,Mid Wicket
David Warner,1,Mid Wicket
David Warner,0,Third Man
David Warner,1,Point
Mitchell Marsh,6,Square Leg
Mitchell Marsh,4,Square Leg
Mitchell Marsh,4,Third Man
Mitchell Marsh,1,Long Off
Mitchell Marsh,1,Third Man
Mitchell Marsh,2,Long On
Mitchell Marsh,2,Covers
Mitchell Marsh,0,Covers
Mitchell Marsh,1,Covers
David Warner,0,Third Man
David Warner,1,Covers
David Warner,1,Covers
Mitchell Marsh,1,Mid Wicket
David Warner,4,Fine Leg
David Warner,1,Covers
Mitchell Marsh,1,Square Leg
David Warner,1,Point
David Warner,0,Third Man
David Warner,1,Third Man
David Warner,1,Covers
Mitchell Marsh,0,Third Man
Mitchell Marsh,1,Square Leg
David Warner,4,Point
David Warner,1,Covers
David Warner,0,Third Man
David Warner,1,Third Man
David Warner,1,Mid Wicket
Mitchell Marsh,4,Third Man
Mitchell Marsh,4,Third Man
Mitchell Marsh,1,Long On
David Warner,0,Fine Leg
Mitchell Marsh,1,Fine Leg
Mitchell Marsh,2,Square Leg
Mitchell Marsh,2,Square Leg
Mitchell Marsh,1,Covers
David Warner,4,Point
David Warner,6,Square Leg
David Warner,1,Long Off
David Warner,0,Third Man
David Warner,1,Third Man
David Warner,0,Third Man
David Warner,1,Square Leg
David Warner,2,Covers
David Warner,2,Fine Leg
David Warner,1,Square Leg
Mitchell Marsh,0,Covers
David Warner,0,Square Leg
David Warner,4,Fine Leg
George Munsey,0,Mid Wicket
George Munsey,0,Long Off
George Munsey,1,Point
Kyle Coetzer,1,Point
George Munsey,0,Covers
George Munsey,6,Square Leg
Kyle Coetzer,0,Mid Wicket
Kyle Coetzer,0,Covers
Kyle Coetzer,1,Mid Wicket
George Munsey,0,Long On
George Munsey,4,Third Man
George Munsey,0,Fine Leg
Kyle Coetzer,0,Mid Wicket
Kyle Coetzer,0,Long On
Kyle Coetzer,0,NULL
Matthew Cross,0,Covers
Matthew Cross,0,Point
Matthew Cross,0,Mid Wicket
George Munsey,0,Long Off
George Munsey,0,Mid Wicket
George Munsey,0,Square Leg
George Munsey,4,Covers
George Munsey,4,Point
George Munsey,4,Third Man
Matthew Cross,0,Covers
Matthew Cross,1,Long On
George Munsey,0,Long Off
George Munsey,0,Square Leg
George Munsey,1,Long Off
Matthew Cross,0,Long Off
George Munsey,0,Long Off
George Munsey,0,Mid Wicket
Richie Berrington,0,Mid Wicket
Richie Berrington,0,Point
Richie Berrington,0,Fine Leg
Richie Berrington,0,Fine Leg
Matthew Cross,0,Long Off
Matthew Cross,1,Square Leg
Richie Berrington,0,NULL
Calum MacLeod,0,Covers
Calum MacLeod,1,Fine Leg
Matthew Cross,0,NULL
Calum MacLeod,0,Covers
Calum MacLeod,1,Square Leg
Michael Leask,1,Point
Calum MacLeod,0,Long On
Calum MacLeod,1,Covers
Michael Leask,0,Third Man
Calum MacLeod,0,Long On
Calum MacLeod,1,Third Man
Michael Leask,1,Long On
Calum MacLeod,0,Long On
Calum MacLeod,1,Mid Wicket
Michael Leask,1,Mid Wicket
Michael Leask,0,Mid Wicket
Michael Leask,2,Fine Leg
Michael Leask,4,Mid Wicket
Michael Leask,1,Point
Calum MacLeod,0,Mid Wicket
Calum MacLeod,1,Point
Calum MacLeod,1,Mid Wicket
Michael Leask,6,Fine Leg
Michael Leask,4,Long Off
Michael Leask,1,Mid Wicket
Calum MacLeod,0,Mid Wicket
Calum MacLeod,1,Long On
Calum MacLeod,1,Long On
Michael Leask,0,NULL
Chris Greaves,1,Mid Wicket
Calum MacLeod,0,Point
Calum MacLeod,0,Long Off
Calum MacLeod,1,Covers
Calum MacLeod,0,Fine Leg
Calum MacLeod,0,Long On
Calum MacLeod,1,Third Man
Chris Greaves,0,Long Off
Chris Greaves,0,Fine Leg
Chris Greaves,0,Covers
Calum MacLeod,1,Covers
Chris Greaves,0,Fine Leg
Chris Greaves,0,Long On
Chris Greaves,1,Fine Leg
Chris Greaves,0,Long Off
Calum MacLeod,1,Long On
Mark Watt,0,Mid Wicket
Calum MacLeod,1,Covers
Mark Watt,0,Long Off
Mark Watt,0,Long Off
Mark Watt,4,Covers
Mark Watt,0,Mid Wicket
Mark Watt,1,Mid Wicket
Mark Watt,4,Third Man
Mark Watt,1,Long Off
Calum MacLeod,1,Square Leg
Mark Watt,0,Covers
Mark Watt,2,Third Man
Mark Watt,2,Point
Calum MacLeod,1,Square Leg
Calum MacLeod,0,NULL
Safyaan Sharif,0,Mid Wicket
Alasdair Evans,0,NULL
Brad Wheal,1,Covers
Mark Watt,1,Covers
Brad Wheal,0,Fine Leg
Mark Watt,1,Long On
Brad Wheal,0,Third Man
Brad Wheal,1,Point
Mark Watt,0,NULL
Lokesh Rahul,1,Mid Wicket
Rohit Sharma,0,Long Off
Rohit Sharma,1,Long On
Lokesh Rahul,1,Square Leg
Rohit Sharma,4,Covers
Rohit Sharma,1,Mid Wicket
Rohit Sharma,1,Square Leg
Lokesh Rahul,4,Long On
Lokesh Rahul,4,Mid Wicket
Lokesh Rahul,1,Fine Leg
Lokesh Rahul,0,Third Man
Lokesh Rahul,4,Square Leg
Lokesh Rahul,1,Covers
Lokesh Rahul,4,Covers
Lokesh Rahul,6,Square Leg
Lokesh Rahul,1,Covers
Rohit Sharma,0,Third Man
Rohit Sharma,4,Covers
Rohit Sharma,1,Long On
Rohit Sharma,6,Mid Wicket
Rohit Sharma,0,Covers
Rohit Sharma,4,Covers
Rohit Sharma,0,Long Off
Rohit Sharma,4,Mid Wicket
Rohit Sharma,0,Third Man
Lokesh Rahul,2,Long On
Lokesh Rahul,4,Covers
Lokesh Rahul,6,Square Leg
Lokesh Rahul,1,Mid Wicket
Rohit Sharma,4,Long On
Rohit Sharma,0,NULL
Lokesh Rahul,4,Covers
Lokesh Rahul,0,Covers
Lokesh Rahul,6,Square Leg
Lokesh Rahul,1,Mid Wicket
Virat Kohli,1,Mid Wicket
Lokesh Rahul,0,Long On
Virat Kohli,1,Square Leg
Suryakumar Yadav,0,Third Man
Suryakumar Yadav,6,Long On
Martin Guptill,1,Long On
Daryl Joseph Mitchell,1,Long Off
Martin Guptill,0,Long Off
Martin Guptill,6,Long On
Martin Guptill,0,Covers
Martin Guptill,1,Long Off
Martin Guptill,0,Third Man
Martin Guptill,0,Third Man
Martin Guptill,4,Long Off
Martin Guptill,0,Long Off
Martin Guptill,0,Long On
Martin Guptill,0,Third Man
Daryl Joseph Mitchell,3,Point
Martin Guptill,1,Long Off
Daryl Joseph Mitchell,1,Point
Martin Guptill,1,Covers
Daryl Joseph Mitchell,1,Covers
Martin Guptill,1,Mid Wicket
Martin Guptill,0,Covers
Martin Guptill,2,Mid Wicket
Martin Guptill,1,Covers
Daryl Joseph Mitchell,4,Long On
Daryl Joseph Mitchell,0,Point
Daryl Joseph Mitchell,2,Mid Wicket
Martin Guptill,0,Covers
Kane Williamson,0,Covers
Kane Williamson,1,Covers
Daryl Joseph Mitchell,1,Long On
Kane Williamson,0,Fine Leg
Kane Williamson,4,Point
Daryl Joseph Mitchell,0,Covers
Daryl Joseph Mitchell,0,Covers
Daryl Joseph Mitchell,1,Mid Wicket
Kane Williamson,1,Mid Wicket
Daryl Joseph Mitchell,4,Fine Leg
Daryl Joseph Mitchell,1,Long Off
Daryl Joseph Mitchell,0,Third Man
Daryl Joseph Mitchell,0,Covers
Kane Williamson,1,Long On
Devon Conway,1,Long On
Kane Williamson,1,Point
Devon Conway,0,Mid Wicket
Kane Williamson,1,Long On
Devon Conway,1,Mid Wicket
Kane Williamson,1,Mid Wicket
Devon Conway,2,Long Off
Devon Conway,4,Long Off
Devon Conway,0,Covers
Kane Williamson,0,Mid Wicket
Kane Williamson,1,Long Off
Devon Conway,1,Square Leg
Kane Williamson,0,Long Off
Kane Williamson,1,Long On
Devon Conway,1,Fine Leg
Devon Conway,1,Square Leg
Kane Williamson,0,Long Off
Kane Williamson,1,Long On
Devon Conway,1,Mid Wicket
Kane Williamson,0,Long On
Kane Williamson,0,Covers
Devon Conway,1,Square Leg
Kane Williamson,1,Mid Wicket
Devon Conway,1,Square Leg
Kane Williamson,2,Mid Wicket
Kane Williamson,6,Mid Wicket
Kane Williamson,4,Long On
Devon Conway,0,Third Man
Devon Conway,1,Mid Wicket
Kane Williamson,0,Long On
Kane Williamson,1,Long On
Devon Conway,1,Point
Kane Williamson,1,Mid Wicket
Kane Williamson,0,NULL
Glenn Phillips,0,Fine Leg
Glenn Phillips,0,Fine Leg
Glenn Phillips,0,Covers
Glenn Phillips,0,Third Man
Glenn Phillips,1,Long Off
Glenn Phillips,1,Mid Wicket
Devon Conway,1,Long On
Glenn Phillips,1,Mid Wicket
Devon Conway,0,Third Man
Devon Conway,1,Long Off
Glenn Phillips,1,Mid Wicket
James Neesham,0,Long Off
James Neesham,0,Point
James Neesham,1,Square Leg
Glenn Phillips,1,Mid Wicket
James Neesham,0,Third Man
James Neesham,1,Fine Leg
James Neesham,1,Long On
James Neesham,1,Point
Glenn Phillips,1,Long On
James Neesham,0,Point
James Neesham,0,Third Man
James Neesham,1,Square Leg
Glenn Phillips,2,Square Leg
James Neesham,1,Long On
Glenn Phillips,6,Mid Wicket
Glenn Phillips,1,Long On
James Neesham,2,Covers
James Neesham,2,Mid Wicket
James Neesham,2,Mid Wicket
Glenn Phillips,2,Mid Wicket
Glenn Phillips,2,Mid Wicket
Glenn Phillips,6,Covers
Glenn Phillips,1,Mid Wicket
James Neesham,6,Long On
James Neesham,4,Third Man
Glenn Phillips,4,Mid Wicket
Glenn Phillips,6,Mid Wicket
Glenn Phillips,1,Covers
James Neesham,0,Third Man
James Neesham,2,Square Leg
James Neesham,1,Square Leg
James Neesham,0,Fine Leg
James Neesham,6,Mid Wicket
James Neesham,2,Mid Wicket
James Neesham,1,Fine Leg
James Neesham,1,Third Man
James Neesham,1,Covers
Glenn Phillips,2,Mid Wicket
Glenn Phillips,2,Fine Leg
James Neesham,1,Third Man
James Neesham,2,Point
Stephan Baard,0,Long Off
Stephan Baard,1,Long On
Michael Lingen,0,Third Man
Michael Lingen,1,Covers
Stephan Baard,0,Covers
Stephan Baard,4,Third Man
Michael Lingen,1,Mid Wicket
Stephan Baard,1,Third Man
Stephan Baard,0,Covers
Stephan Baard,0,Fine Leg
Stephan Baard,1,Square Leg
Michael Lingen,2,Square Leg
Michael Lingen,0,Covers
Stephan Baard,2,Long On
Stephan Baard,1,Third Man
Michael Lingen,0,Covers
Michael Lingen,0,Point
Michael Lingen,1,Mid Wicket
Stephan Baard,0,Long Off
Michael Lingen,1,Covers
Stephan Baard,0,Fine Leg
Stephan Baard,1,Square Leg
Michael Lingen,0,Fine Leg
Michael Lingen,0,Fine Leg
Michael Lingen,0,Covers
Stephan Baard,1,Long Off
Michael Lingen,0,Covers
Michael Lingen,1,Square Leg
Stephan Baard,4,Mid Wicket
Stephan Baard,0,Third Man
Stephan Baard,1,Mid Wicket
Stephan Baard,0,Long Off
Stephan Baard,1,Point
Michael Lingen,4,Long Off
Michael Lingen,0,Covers
Michael Lingen,6,Long On
Michael Lingen,1,Square Leg
Michael Lingen,0,Fine Leg
Michael Lingen,1,Covers
Stephan Baard,3,Fine Leg
Michael Lingen,0,Covers
Michael Lingen,4,Fine Leg
Michael Lingen,1,Fine Leg
Michael Lingen,2,Point
Michael Lingen,0,NULL
Gerhard Erasmus,1,Square Leg
Stephan Baard,1,Mid Wicket
Gerhard Erasmus,1,Third Man
Stephan Baard,1,Square Leg
Stephan Baard,0,NULL
Zane Green,0,Point
Zane Green,1,Point
Gerhard Erasmus,1,Long On
Zane Green,0,Long Off
Zane Green,1,Covers
Zane Green,1,Mid Wicket
Gerhard Erasmus,0,Third Man
David Wiese,0,Long Off
David Wiese,0,Square Leg
David Wiese,0,Covers
David Wiese,1,Square Leg
David Wiese,1,Covers
Zane Green,1,Covers
David Wiese,4,Third Man
David Wiese,0,Covers
David Wiese,0,Point
David Wiese,1,Covers
David Wiese,0,Long On
David Wiese,1,Fine Leg
David Wiese,1,Point
Zane Green,0,Mid Wicket
Zane Green,0,Point
Zane Green,2,Covers
Zane Green,1,Long Off
Zane Green,0,Long On
Zane Green,1,Long On
David Wiese,1,Covers
Zane Green,0,Mid Wicket
Zane Green,0,Covers
Zane Green,0,Mid Wicket
David Wiese,1,Third Man
David Wiese,6,Long Off
David Wiese,0,Point
David Wiese,0,Long On
David Wiese,1,Mid Wicket
Zane Green,6,Mid Wicket
Zane Green,1,Long On
Zane Green,0,Third Man
Zane Green,1,Third Man
David Wiese,0,NULL
JJ Smit,0,Point
JJ Smit,0,Covers
JJ Smit,0,Covers
Zane Green,1,Third Man
JJ Smit,0,Third Man
JJ Smit,0,Point
JJ Smit,0,Point
JJ Smit,4,Covers
JJ Smit,1,Square Leg
JJ Smit,2,Point
JJ Smit,1,Covers
Zane Green,0,Fine Leg
Zane Green,0,Third Man
Zane Green,0,Fine Leg
Zane Green,1,Mid Wicket
Zane Green,1,Mid Wicket
JJ Smit,0,Fine Leg
JJ Smit,1,Long Off
Zane Green,4,Long On
Zane Green,0,Long On
JJ Smit,0,Third Man
Jan Nicol Loftie,1,Fine Leg
Jan Nicol Loftie,0,Mid Wicket
Jan Nicol Loftie,0,Long Off
JJ Smit,1,Long Off
Craig Williams,0,Fine Leg
Craig Williams,1,Third Man
Craig Williams,0,Point
Ruben Trumpelmann,1,Point
Ruben Trumpelmann,0,Fine Leg
Ruben Trumpelmann,4,Long Off
Ruben Trumpelmann,1,Long On
JJ Smit,0,Fine Leg
JJ Smit,0,Point
JJ Smit,0,Fine Leg
